n_authors,total_credit,top_1pct_share,top_5pct_share,top_10pct_share,hhi,gini
871,383.74999999999994,0.03474484256243214,0.13146579804560263,0.24612377850162867,0.0015508301464863346,0.280370834377349
